"Timestamp","Name","E-mail address","Affiliation","Designation (Student/PHD)","Title","Abstract (can include basic latex formatting, but no user-defined macros)","Link to paper or preprint (desirable but not mandatory)"
"2023/02/27 10:55:47 am GMT+5:30","Mohan Ravichandran","mohan.ravichandran@gmail.com","Independent Researcher","Independent Researcher","TBD","TBD",""
"2023/03/01 5:52:49 pm GMT+5:30","Divya Aggarwal","divyaa@iiitd.ac.in","Indraprastha Institute of Information Technology Delhi","Student","Polynomial Matrices, Splitting Subspaces and Krylov Subspaces over Finite Fields","  Let $T$ be a linear operator on an ${{\mathbb F}_q}$-vector space $V$ of dimension $n$. For any divisor $m$ of $n$, an $m$-dimensional subspace $W$ of $V$ is $T$-splitting if
  $$
V =W\oplus TW\oplus \cdots \oplus T^{d-1}W,
$$
where $d=n/m$. Let $\sigma(m,d;T)$ denote the number of $m$-dimensional $T$-splitting subspaces. Determining $\sigma(m,d;T)$ for an arbitrary operator $T$ is an open problem. This problem is closely related to another open problem on Krylov spaces. We discuss this connection and give explicit formulae for $\sigma(m,d;T)$ in the case where the invariant factors of $T$ satisfy certain degree conditions. A connection with another enumeration problem on polynomial matrices is also discussed.","https://www.sciencedirect.com/science/article/abs/pii/S1071579722000909?via%3Dihub"
"2023/03/02 7:58:28 pm GMT+5:30","Saikat Panja","panjasaikat300@gmail.com","HRI Prayagraj","Postdoc","Image of polynomials on upper triangular matrix algebras","For a polynomial $p$ in non-commutative variables $x_1,x_2,\ldots,x_n$, we will introduce the notion of $p$-induced polynomials. We further use these polynomials to discuss possible images of $p$, when calculated on upper triangular matrix algebras. ","https://arxiv.org/abs/2206.08827"
"2023/03/02 9:18:31 pm GMT+5:30","Bijayan Ray","bijayan@cmi.ac.in","Chennai Mathematical Institute ","Student","","",""
"2023/03/02 9:36:58 pm GMT+5:30","Deepta Basak","basakdeepta10@gmail.com","Indian Statistical Institute, Bangalore","Student","","",""
"2023/03/02 9:52:50 pm GMT+5:30","Shahbaz Khan","khan456@purdue.edu","Purdue University, USA","Student","","",""
"2023/03/02 11:35:17 pm GMT+5:30","Shubhankar Varshney","shubhankarvarshney@gmail.com","Chennai Mathematical Institute","Student","","",""
"2023/03/03 3:20:25 am GMT+5:30","Maulik Pratap Singhal","maulikps134@gmail.com","ndian Statistical Institute","Student","","",""
"2023/03/03 7:58:02 am GMT+5:30","Dr Kiran Virivinti","kiranmathou@gmail.com","Osmania University ","Faculty","","",""
"2023/03/03 2:55:17 pm GMT+5:30","Hrishik Koley","bmat2223@isibang.ac.in","Indian Statistical Institute, Bangalore","Student","","",""
"2023/03/03 4:04:16 pm GMT+5:30","SAMRAGGI","samraggig7@gmail.com","IISER Mohali ","Student","","",""
"2023/03/03 5:07:40 pm GMT+5:30","Ankan Kar","ankan2206@gmail.com","Indian Statistical Institute, Bangalore","Student","","",""
"2023/03/04 11:56:32 am GMT+5:30","Dhruv Bhasin","bhasin.dhruv@students.iiserpune.ac.in","Indian Institute of Science Education and Research, Pune, India","Student","Closures of Union-Closed Families","Given a union-closed family $\mathcal{F}$ of subsets of the universe $[n]$, with $\mathcal{F}$ not equal to the power set of $[n]$, a new subset $A$ can be added to it such that the resulting family remains union-closed. We construct a new family $\overline{\mathcal{F}}$ by adding to $\mathcal{F}$ all such $A$'s, and call this the closure of $\mathcal F$. This paper is dedicated to the study of various properties of such closures, including characterizing families whose closures equal the power set of $[n]$, providing a criterion for the existence of closure roots of such families etc.","https://arxiv.org/abs/2003.09144"
"2023/03/04 2:38:10 pm GMT+5:30","Shubham","shubha76_sps@jnu.ac.in","JNU,New Delhi","Student","","",""
"2023/03/05 4:10:03 pm GMT+5:30","Aditya Garg ","bmat2201@isibang.ac.in","Indian Statistical Institute, Banglore ","Student","","",""
"2023/03/05 5:17:30 pm GMT+5:30","Sanjay Kumar","skumar@db.du.ac.in","Deshbandhu College, University of Delhi","Faculty","","",""
"2023/03/05 11:53:33 pm GMT+5:30","Sashadhar Dutta","duttamathe@gmail.com","Ramakrishna Mission Vivekananda Centenary College ","Student","","",""
"2023/03/06 8:10:50 am GMT+5:30","Subham Jaiswal","jaiswalsubham660@gmail.com","Indian Statistical Institute","Student","","",""
"2023/03/06 10:51:34 am GMT+5:30","KM Dimpi","dtyagi20@iisertvm.ac.in","Indian Institute of Science Education and Research, Trivandrum","PhD","","",""
"2023/03/09 1:54:22 pm GMT+5:30","Mainak Samanta","mainaksmnt@gmail.com","Indian Statistical Institute, Bangalore ","Student","","",""
"2023/03/10 12:06:07 pm GMT+5:30","Devjyoti Das ","devjyoti.das@niser.ac.in","NISER","Student","","",""
"2023/03/10 7:39:28 pm GMT+5:30","Dr. Mushtaq Ahmad Bhat","mushtaqab@nitsri.net","NIT Srinagar","Faculty","Spectral properties and energy of signed digraphs","Let $R$ be a ring. Let $$S = R(q)$$.",""
"2023/03/11 1:37:16 pm GMT+5:30","Saraswati Girish Nanoti","nanoti_saraswati@iitgn.ac.in","Indian Institute of Technology Gandhinagar","Student","Spartan Bipartite Graphs are Essentially Elementary","We study a two-player game on a graph between an attacker and a defender. To begin with, the defender places guards on a subset of vertices. In each move, the attacker attacks an edge. The defender must move at least one guard along the attacked edge to defend the attack. The defender wins if and only if the defender can defend an infinite sequence of attacks. The smallest number of guards with which the defender has a winning strategy is called the eternal vertex cover number of $G$ and is denoted by $evc(G)$. It is clear that $evc(G)$ is at least $mvc(G)$, the size of a minimum vertex cover of $G$. We say that $G$ is Spartan if $evc(G) = mvc(G)$. The characterization of Spartan graphs has been largely open. In the setting of bipartite graphs on $2n$ vertices where every edge belongs to a perfect matching, an easy strategy is to have $n$ guards that always move along perfect matchings in response to attacks. We show that these are essentially the only Spartan bipartite graphs.",""
"2023/03/13 3:02:37 pm GMT+5:30","Chandralekha P","lekhapk060105@gmail.com","Chennai Mathematical Institute","Student","","",""
"2023/03/13 3:13:47 pm GMT+5:30","Vardhan Kumar Ray","vardhan.vkr@gmail.com","Chennai Mathematical Institute ","Student","","",""
"2023/03/13 5:55:26 pm GMT+5:30","Hassain M","hassainm@imsc.res.in","IMSc","Postdoc","","",""
"2023/03/14 3:41:50 pm GMT+5:30","M. Rajesh Kannan","rajeshkannan1.m@gmail.com","IIT Hyderabad","Faculty"," On the eccentricity matrices of trees: Inertia and spectral symmetry","The eccentricity matrix $\mathcal{E}(G)$ of a connected graph $G$ is obtained from the distance matrix of $G$ by keeping the largest nonzero entries in each row and each column and leaving zeros in the remaining ones. The eigenvalues of $\mathcal{E}(G)$ are the $\mathcal{E}$-eigenvalues of $G$. It is well-known that the distance matrices of trees are invertible, and the determinant of such a matrix depends only on the number of vertices of the tree. We show that the eccentricity matrix of tree $T$ is invertible if and only if either $T$ is star or $P_4$. Also, we show that any tree with odd diameter has $4$ distinct $\mathcal{E}$-eigenvalues, and any tree with even diameter has the same number of positive and negative $\mathcal{E}$-eigenvalues (which is equal to the number of ’diametrically distinguished’ vertices). Finally, we will discuss trees with $\mathcal{E}$-eigenvalues that are symmetric with respect to the origin. This is joint work with Iswar Mahato.","https://www.sciencedirect.com/science/article/abs/pii/S0012365X22002734"
"2023/03/16 4:05:10 pm GMT+5:30","Evangeline Prathibha M","evangelineprathibham@ldc.edu.in","Lady Doak College, Madurai ","Faculty","","",""
"2023/03/21 5:29:35 pm GMT+5:30","Sadhanandh Vishwanath ","sadhavishwa@cmi.ac.in","Chennai Mathematical Institute ","PhD student ","","",""
"2023/03/22 11:16:38 am GMT+5:30","Pavan K Srinivasan","bmat2129@isibang.ac.in","Indian Statistical Institute, Bangalore","Student","","",""
"2023/03/22 9:46:03 pm GMT+5:30","Shraddha Srivastava","maths.shraddha@gmail.com","IISc","Postdoc","","",""
"2023/03/23 1:19:58 am GMT+5:30","Aditya Prabhu ","adityaprabhu.1272@gmail.com","Indian Statistical Institute, Bangalore ","Student","","",""
"2023/03/23 10:27:46 pm GMT+5:30","Dr. Mushtaq Ahmad Bhat","mushtaqab@nitsri.net","NIT Srinagar","Faculty","Spectral properties and energy of signed digraphs","",""
"2023/03/23 10:36:15 pm GMT+5:30","Dr. Mushtaq Ahmad Bhat","mushtaqab@nitsri.net","NIT Srinagar","Faculty","Energy of signed digraphs","\documentclass[]{article}
\usepackage{amsmath}
\begin{document}
Title : Energy of signed digraphs.\\
Let $S=(D,\sigma)$  be a signed digraph of order $n$ and let $z_1,z_2,z_3,\dots, z_n$ be the eigenvalues of adjacency matrix of $S$. Then the energy of signed digraph $S$ is defined as $E(S)=\sum_{k=1}^{n}|\Re(z_k)|$. In this talk we first discuss few results on the spectral properties of signed digraphs like coefficient theorem, spectral criterion for balance, characteristic polynomial  of two special families of bipartite signed digraphs. We give examples on the energy and discuss upper and lower bounds for the energy of signed digraphs and present a characterization of extremal ones. Finally we discuss the weighted analogues of these results. 
\end{document}"," https://doi.org/10.1016/j.dam.2017.01.034"
"2023/03/24 4:26:46 pm GMT+5:30","Saikat Maity","saikat.maths1729@gmail.com","Pondicherry University ","Student","","",""
"2023/03/25 10:25:58 am GMT+5:30","Aprameya Girish Hebbar","aprameyagirishhebbar@gmail.com","Student, Indian Statistical Institute","Student","","",""
"2023/03/25 4:07:52 pm GMT+5:30","Ramandeep Kaur","ramandeepka71@gmail.com","Akal University, Talwandi Sabo","Research Scholar","","The objective is to summarize all the known results about the direct and inverse problems for the cardinality of different types of sumsets. Also an extensive survey on the development in the theory of sumsets in different groups has been presented. In addition, we pose some problems and further research directions by presenting several conjectures proposed by various authors. ",""
"2023/03/27 2:04:33 pm GMT+5:30","Aritra Bhattacharya","baritra@imsc.res.in","IMSc, Chennai","Student","Haglund's positivity conjecture for Macdonald polynomials","The Macdonald symmetric functions are an incredible family of symmetric functions that simultaneously generalize many known bases of symmetric functions, such as the Schur functions and the Hall-Littlewood functions. The transition matrix between the Hall-Littlewood and the Schur functions are very well studied - they are given by the Kostka-Foulkes polynomials which are polynomials in $t$ with non-negative integer coefficients. However very little is known about the transition matrix between the Macdonald functions and the Schur functions.

Haglund conjectured that the Schur coefficients of the integral form Macdonald Polynomials $J_{\lambda}(q,t)$ have the positivity property that $\dfrac{\langle J_{\lambda}(q,q^k), s_{\mu} \rangle}{(1-q)^{|\lambda|}}\in \mathbb{Z}_{\geq 0}[q]$. We present some new partial results about this conjecture.","https://arxiv.org/abs/2205.11802, S\'eminaire Lotharingien de Combinatoire, vol. 87 ( http://www.mat.univie.ac.at/~slc )"
"2023/03/28 12:33:54 pm GMT+5:30","Raina Mary Thomas","p20220019@goa.bits-pilani.ac.in","Birla Institute of Technology and Science, Goa","Student","","",""
"2023/03/29 4:32:35 pm GMT+5:30","Kshitij Sharma","kshitijsharma.pi@kgpian.iitkgp.ac.in","Indian Institute of Technology Kharagpur","Research Scholar","","",""
"2023/03/29 4:33:14 pm GMT+5:30","Kshitij Sharma","kshitijsharma.pi@kgpian.iitkgp.ac.in","Indian Institute of Technology Kharagpur","Research Scholar","","",""
"2023/03/30 5:00:47 pm GMT+5:30","Suhas Rao","suhasrao@imsc.res.in","Institute of Mathematical Sciences, Chennai.","Student","","",""
"2023/03/30 6:27:43 pm GMT+5:30","Naren Sundaravaradan","nano.naren@gmx.com","HFN Inc.","Software developer","Combinatorial proofs of multivariate Cayley--Hamilton theorems","We give combinatorial proofs of two multivariate Cayley--Hamilton type theorems. The first one is due to Phillips (Amer. J. Math., 1919) involving $2k$ matrices, of which $k$ commute pairwise.
The second one uses the mixed discriminant, a matrix function which has generated a lot of interest in recent times.
Recently, the Cayley--Hamilton theorem for mixed discriminants
was proved by Bapat and Roy (Comb. Math. and Comb. Comp., 2017).
We prove a Phillips-type generalization of the Bapat--Roy theorem, which involves $2nk$ matrices, where $n$ is the size of the matrices, among which $nk$ commute pairwise.
Our proofs generalize the univariate proof of Straubing (Disc. Math., 1983) for the original Cayley--Hamilton theorem in a nontrivial way, and involve decorated permutations and decorated paths.","http://arxiv.org/abs/2110.03992v2"
"2023/04/03 10:15:54 am GMT+5:30","Sagar S. Sawant","sagarsawant.math@gmail.com","IIT Madras","Student","On Distinguishing digraphs by its quasisymmetric $B$-polynomial","The $B$-polynomial defined by J. Awan and O. Bernardi is a generalization of Tutte Polynomial to digraphs. In this talk, we show that the quasisymmetric generalization of the $B$-polynomial distinguishes a certain class of oriented proper caterpillars, and the class of oriented paths. We present a recurrence relation for the quasisymmetric $B$-polynomial involving deletion of a source or a sink. As a consequence, we prove that a class of digraph $\mathcal{D}$ is distinguishable if and only if the class $\mathcal{D}^{\vee}$ obtained by taking directed join of $K_1$ with each digraph in $\mathcal{D}$ is distinguishable, which concludes that the digraph analogue of Stanley's Tree conjecture holds for a large class of acyclic digraphs.","https://doi.org/10.48550/arXiv.2211.07409"
"2023/04/03 2:04:17 pm GMT+5:30","Mano Prakash P","ma22c024@smail.iitm.ac.in","Indian Institute of Technology Madras","Student","","",""
"2023/04/03 2:06:34 pm GMT+5:30","Velmurugan S","velmurugan@imsc.res.in","JRF","Student","","",""
"2023/04/03 2:08:42 pm GMT+5:30","Velmurugan S","velmurugan@imsc.res.in","Junior Research Fellow in mathematics,The Institute of Mathematical Sciences.","Student","","",""
"2023/04/03 5:36:42 pm GMT+5:30","Hepsi D","hepsi5297@gmail.com","Ramanujan Institute for Advanced Study in Mathematics ","Student","","",""
"2023/04/03 5:36:43 pm GMT+5:30","Hepsi D","hepsi5297@gmail.com","Ramanujan Institute for Advanced Study in Mathematics ","Student","","",""
"2023/04/05 12:24:06 am GMT+5:30","Jyotirmoy Ganguly","jyotirmoy.math@gmail.com","Indian Institute of Science","Postdoc","On the Divisibility of Character Values of the Symmetric Group","Fix a partition $\mu=(\mu_1,\ldots,\mu_m)$ of an integer $k$ and a
positive integer $d$. For each $n>k$, let $\chi_{\mu}^{\lambda}$ denote the value of the irreducible character of $S_n$ at a permutation with cycle type $(\mu_1,\ldots,\mu_m,1^{n-k})$. We show that the proportion of partitions $\lambda$ of $n$ such that $\chi_{\mu}^{\lambda}$ is divisible by $d$ approaches $1$ as $n$ approaches infinity.",""
"2023/04/07 12:58:20 pm GMT+5:30","Digjoy Paul","dpaul@iisc.ac.in","IISc Bangalore","Postdoc","The Burge correspondence and crystal graphs","The Burge correspondence yields a bijection between simple labelled graphs and semistandard Young tableaux of threshold shape. We characterize the simple graphs of hook shape by peak and valley conditions on Burge arrays. This is the first step towards an analogue of Schensted’s result for the RSK insertion which states that the length of the longest increasing subword of a word is the length of the largest row of the tableau under the RSK correspondence. Furthermore, we give a crystal structure on simple graphs of hook shape. The extremal vectors in this crystal are precisely the simple graphs whose degree sequence are threshold and hook-shaped. This is a joint work with Joseph Pappe and Anne Schilling.","https://www.sciencedirect.com/science/article/pii/S0195669822001366"
"2023/04/07 4:12:46 pm GMT+5:30","Digjoy Paul","digjoypaul@gmail.com","IISc Bangalore","Postdoc","The Burge correspondence and crystal graphs","The Burge correspondence yields a bijection between simple labelled graphs and semistandard Young tableaux of threshold shape. We characterize the simple graphs of hook shape by peak and valley conditions on Burge arrays. This is the first step towards an analogue of Schensted’s result for the RSK insertion which states that the length of the longest increasing subword of a word is the length of the largest row of the tableau under the RSK correspondence. Furthermore, we give a crystal structure on simple graphs of hook shape. The extremal vectors in this crystal are precisely the simple graphs whose degree sequence are threshold and hook-shaped. This is a joint work with Joseph Pappe and Anne Schilling.","https://www.sciencedirect.com/science/article/pii/S0195669822001366"
"2023/04/08 12:31:13 am GMT+5:30","Aditya Vinay Prabhu ","bmat2104@isibang.ac.in","Indian Statistical Institute, Bangalore","Student","","",""
"2023/04/08 1:11:38 am GMT+5:30","Anita Arora","anitaarora@iisc.ac.in","Indian Institute of Science","Student","The monopole-dimer model on Cartesian products of plane graphs.","The monopole-dimer model is a signed variant of the monomer-dimer model which has determinantal structure.
We extend the monopole-dimer model for planar graphs introduced by Prof. Arvind Ayyer to Cartesian products thereof and show that the partition function of this model can be expressed as a determinant of a generalised signed adjacency matrix.
We then show that the partition function is independent of the orientations of the planar graphs as long as the orientations are Pfaffian.
When these planar graphs are bipartite, we show that the computation of the partition function becomes especially simple.
We then give an explicit product formula for the partition function of three-dimensional grid graphs which turns out to be fourth power of a polynomial when all grid lengths are even. Finally, we generalise this product formula to $d$ dimensions.","https://arxiv.org/abs/2205.11791"
"2023/04/08 9:41:13 am GMT+5:30","Jagannath Bhanja","jbhanja@imsc.res.in","Institute of Mathematical Sciences, Chennai","Postdoc","","",""
"2023/04/08 5:45:34 pm GMT+5:30","G. Krishna Teja","tejag@alum.iisc.ac.in","ISI-Bangalore","Postdoc","Weak faces of highest weight modules and root systems","  The geometry and the (exposed) faces of $X$ a 'Root polytope' or 'Weyl polytope' over a complex simple Lie algebra $\mathfrak{g}$, have been studied for many decades and for various applications in representation theory and algebraic combinatorics, by Satake, Borel–Tits, Casselman, Vinberg among others. Recently, Chari et al [Adv. Math. 2009] introduced and studied two combinatorial subsets in the discrete settings of $X$ root systems or weight-sets $\mathrm{wt} V$ of finite-dimensional simple $\mathfrak{g}$-modules $V$, which were important for studying Kirillov-Reshetikhin modules over quantum affine algebras $U_q(\hat{\mathfrak{g}})$ and constructing Koszul algebras. 

Unifying with the faces of Weyl polytopes, Khare [J. Algebra 2016] studied these combinatorial subsets for $X=\mathrm{wt} V$ for highest weight $\mathfrak{g}$-modules $V$, under the names 'weak-$\mathbb{A}$-faces' (for subgroups $\mathbb{A}\subseteq (\mathbb{R},+)$) and '$212$-closed subsets'. For two subsets $Y\subseteq X$ in a vector space, $Y$ is said to be $212$-closed in $X$, if $y_1+y_2=x_2+x_2$ for $y_i\in Y$ and $x_i\in X$ implies $x_1,x_2\in Y$. In finite type, Chari et al classified these discrete faces for $X$ root systems and $\mathrm{wt} V$ for all integrable simple $V$, and Khare for all (non-integrable) simple $V$.
  
   In the talk, we will extend and completely solve this problem for all highest weight modules $V$ over any Kac-Moody Lie algebra $\mathfrak{g}$.
   We will classify, and show the equality of, the weak faces and $212$-closed subsets in the three prominent settings of $X$: (a) $\mathrm{wt} V$ $\forall$ $V$, (b) the hull of $\mathrm{wt} V$ $\forall$ $V$, (c) $\mathrm{wt} \mathfrak{g}$ (consisting of roots and 0).
  We recover in the case of (a) (resp. of (b)) the weights falling on the exposed faces (resp. the exposed faces, which were determined by Dhillon-Khare [Adv. Math. 2017]) of the hulls of $\mathrm{wt} V$.
(Based on a recent article in Transform. Groups.)","https://link.springer.com/article/10.1007/s00031-022-09786-w"
"2023/04/08 10:32:46 pm GMT+5:30","Vidit Vishesh Mishra","vidit.mishra02@gmail.com","Vellore Institute of Technology, Bhopal","Student","","",""
"2023/04/09 6:00:58 pm GMT+5:30","Velmurugan S","velmurugan@imsc.res.in","Junior Research Fellow in mathematics,The Institute of Mathematical Sciences.","Student","Generators for the algebra of symmetric functions","Let $\{u_n\}$ be a sequence of symmetric functions, where $u_n$ is homogeneous of degree $n$. We know of many sequences $\{u_n\}$ which generate for the algebra of symmetric functions. For instance, complete, elementary, and power sum symmetric functions. Are there more? Obviously yes. In fact, there are a many!

D G Mead (1993) observed that if $u_n$ is any monomial symmetric function of degree $n$ for each $n\geq 0$, then $\{u_n\}$ is a generating sequence. We examine when sequences taken from other familiar families of symmetric function (Schur, skew-Schur, skew-monomial, skew-complete, Hall-Littlewood, Macdonald, etc.) are generators.",""
"2023/04/09 10:46:14 pm GMT+5:30","Gargi Lather","gargilather@gmail.com","Indian Institute of Technology, Madras","Postdoc","","",""
"2023/04/10 3:04:00 am GMT+5:30","Hiranya Kishore Dey","hiranya.dey@gmail.com","Indian Institute of Science, Bangalore","Postdoc","Log-concavity of the excedance enumerators in positive elements of Type A and Type B Coxeter Groups","The classical Eulerian Numbers are known to be log-concave. Let $P_{n,k}$ and $Q_{n,k}$ be the number of even and odd permutations with 
$k$ excedances. In this talk, we will see that $P_{n,k}$ and $Q_{n,k}$ are log-concave. For this, we introduce the notion of strong synchronisation which is motivated by the notion of synchronisation, introduced by Gross, Mansour, Tucker and Wang in 2014. We will also see some conjectures to emphasise the following: though strong synchronisation is stronger than log-concavity, many pairs of interesting combinatorial families of sequences seem to satisfy this property.","https://doi.org/10.1016/j.disc.2021.112392"
"2023/04/10 9:46:03 am GMT+5:30","Sridhar Narayanan","sridharp.narayanan@gmail.com","IIT Bombay","Postdoc","Wreath product action on weighted matchings","We define $G$-weighted perfect matchings, for a finite group $G$, and describe the action of $G \wr S_{2n}$ on the space of matchings $\mathcal{M}_{2n}^G$. We detail the procedure of finding eigenvalues of $\text{End}_{G \wr S_{2n}}(\mathcal{M}_{2n}^G)$ as content evaluations of wreath-symmetric functions. This is ongoing work with Prof. Murali K. Srinivasan",""
"2023/04/10 3:22:42 pm GMT+5:30","ROHINI S","ma17d017@smail.iitm.ac.in","IIT Madras","Student","Circular chromatic number of quadrangulations of projective planar (signed) graphs","A celebrated result of Young claims that a quadrangulation of the projective plane is either bipartite or 4-chromatic. In this work we have a deeper look at this result:
	We first classify a certain family of quadrangulations built on M$\ddot{o}$bius ladder, with construction similar to that of generalized Mycielski graphs as the key element of this result. We then use a basic notion of algebraic topology, namely the winding number, to prove that these basic quadrangulations have circular chromatic number either 2 or 4. Finally, based on the recent extension of the notion of the circular chromatic number to signed graphs, we extend the result proving that if $(G, \sigma)$ is a signed graph embedded on the projective plane such that every face is a positive 4-cycle, then either it is balanced and, hence, its circular chromatic number is 2, or its circular chromatic number is 4. ",""
"2023/04/10 4:28:06 pm GMT+5:30","T. Asir","asirjacob75@gmail.com","Associate Professor, Department of Mathematics, Pondicherry University, Puducherry-605014","Faculty","Cohen--Macaulayness of Grimaldi graphs","The Cohen-Macaulay rings have significant importance and have been studied by many authors in Commutative Algebra and Algebraic Geometry. 
One of the fundamental questions in the area is to classify Cohen-Macaulay quotient rings. Although Cohen-Macaulay rings keep appearing in Commutative Algebra, they are not easily recognizable. To deal with this issue, researchers study a combinatorial object associated with it. The combinatorial objects are called simplicial complexes. The results on this subject can help us to determine whether a given commutative ring is Cohen-Macaulay. Quite recently different authors focus their attention to the study of Cohen-Macaulayness of particular graphs.

Let $n\geq2$ be an integer. The Grimaldi graph $G(n)$ is obtained by letting all the elements of $\{0,\ldots,n-1\}$ to be the vertices and defining distinct vertices $x$ and $y$ to be adjacent if and only if $\gcd(x+y,n)=1$. 
In this talk, we discuss the Cohen-Macaulayness of $G(n)$ and its complement, namely $G'(n)$. 
","Nil"
"2023/04/11 3:30:53 pm GMT+5:30","Prajnanaswaroopa S","sntrm4@rediffmail.com","Amrita University","Student","Alon-Tarsi Number of Some Clsses of Complete Multipartite Graphs","The Alon-Tarsi number of a polynomial is a parameter related to the exponents of its monomials. For graphs, their Alon-Tarsi number is the Alon-Tarsi number of their graph polynomials. As such, it provides an upper bound on their choice and online choice numbers. In this talk, we desire to obtain the Alon-Tarsi number of some complete multipartite graphs and line graphs of some complete graphs of even order.","https://arxiv.org/abs/2304.04531"
"2023/04/12 11:30:40 am GMT+5:30","Krishna Menon","krishnamenon@cmi.ac.in","Chennai Mathematical Institute","Student","A branch statistic for trees","A hyperplane arrangement is a finite collection of affine hyperplanes in $\mathbb{R}^n$. 
For example, in $\mathbb{R}^2$, a hyperplane arrangement is just a collection of lines. 
It is natural to consider how many `pieces' a collection of lines breaks the plane into. 
In general, the regions of an arrangement are the connected components of the space obtained when its hyperplanes are deleted from $\mathbb{R}^n$.

The number of regions of an arrangement can be obtained from its characteristic polynomial, a combinatorial invariant associated to an arrangement. 
Precisely, Zaslavsky showed that the number of regions is the sum of the coefficients of the characteristic polynomial. 
There are several classes of arrangements where regions correspond to interesting combinatorial objects. 
For such arrangements, one could ask for an interpretation of the coefficients of the characteristic polynomial in terms of these objects. 
We discuss an answer to this question for the Catalan arrangement, where the regions correspond to labeled binary trees.","https://ecajournal.haifa.ac.il/Volume2023/ECA2023_S2A5.pdf"
"2023/04/12 11:39:43 am GMT+5:30","Amrutha P","amruthap@cmi.ac.in","Chennai Mathematical Institute","Postdoc","","",""
"2023/04/12 2:17:16 pm GMT+5:30","S.Dhilshath","dhilshajahan@gmail.com","Doing research in combinatorial representation theory, Ramanujan Institute for Advanced Study in mathematics, University of Madras, Chepauk ","Student","","",""
"2023/04/12 2:31:08 pm GMT+5:30","Khalid Akthar M","khalidakthar135@gmail.com","Ramanujan Institute for Advanced Study in Mathematics, University of Madras","Student","","",""
"2023/04/12 3:08:46 pm GMT+5:30","M Varun kailash","varunkailash@iisc.ac.in","Indian Institute of Science","Student","","",""
"2023/04/13 7:22:27 am GMT+5:30","siva s","somasus@purdue.edu","Graduate student","Student","","",""
"2023/04/13 10:34:06 am GMT+5:30","Dr.G.Muniasamy","gmuniasamy32@gmail.com","MIT Campus, Anna University","Faculty","","",""
"2023/04/13 3:10:55 pm GMT+5:30","Madhuvanthi R S","22372031@pondiuni.ac.in","Pondicherry University ","Student","","",""
"2023/04/13 4:10:28 pm GMT+5:30","Ishaan Bhadoo","bmat2119@isibang.ac.in","Indian Statistical Institute , Bangalore ","Student","","",""
"2023/04/13 4:28:22 pm GMT+5:30","Nishu Kumari ","nishukumari@iisc.ac.in","Indian Institute of Science, Bangalore","Student","Factorization of classical characters twisted by roots of unity","Schur polynomials are the characters of irreducible representations of classical groups of type $A$ indexed by partitions. For a fixed integer $t \geq 2$ and a primitive $t^{\text{th}}$ root of unity $\omega$, Schur polynomials evaluated at elements $\omega^k x_i$ for $0 \leq k \leq t-1$ and $1 \leq i \leq n$, were considered by D. J. Littlewood (AMS press, 1950) and independently by D. Prasad (Israel J. Math., 2016). They characterized partitions for which the specialized Schur polynomials are nonzero and showed that if the Schur polynomial is nonzero, it factorizes into characters of smaller classical groups of type $A$. 
In this talk, I will present a generalization (J. Alg., 2022) of their result to the characters of classical groups of type $B$, $C$ and $D$. We give a uniform approach for all cases. The proof uses Cauchy-type determinant formulas for these characters and involves a careful study of the beta sets of partitions. Finally, time permitting, I will discuss further generalizations (arXiv:2212.12477, 2022) of the factorization results to the irreducible classical characters with different specializations.
","https://www.sciencedirect.com/science/article/pii/S0021869322003143"
"2023/04/14 2:39:43 pm GMT+5:30","Varun Balasubramanian","varunb22.2004@gmail.com","Indian Statistical Institute","Student","","",""
"2023/04/14 3:09:12 pm GMT+5:30","Aparna Lakshmanan S","aparnals@cusat.ac.in","Cochin University of Science and Technology","Faculty","Hypergraphs defined on Algebraic Structures","There has been a great deal of research on graphs defined on algebraic
structures in the last two decades. In this paper we begin an exploration of
hypergraphs defined on algebraic structures, especially groups, to investigate whether this can add a new perspective.","https://arxiv.org/abs/2303.00546"
"2023/04/14 3:29:52 pm GMT+5:30","Md Irfan Habib","irfanhabib@iisc.ac.in","Indian Institute of Science","Student","On symmetric closed subsets of real affine root systems","Any symmetric closed subset of a finite crystallographic root system must be a closed subroot system. This is not, in general, true for real affine root systems. In this paper, we determine when this is true and also give a very explicit description of symmetric closed subsets of real affine root systems. At the end, using our results, we study the correspondence between symmetric closed subsets of real affine root systems and the regular subalgebras generated by them.
This is a joint work with Dipnit Biswas and R Venkatesh.","https://www.sciencedirect.com/science/article/pii/S0021869323001229?via%3Dihub"
"2023/04/14 5:09:07 pm GMT+5:30","Brahadeesh Sankarnaryanan","brahadeesh@iitb.ac.in","IIT Bombay","Student","","",""
"2023/04/14 6:58:53 pm GMT+5:30","Monu Kadyan","monu.kadyan@iitg.ac.in","IIT Guwahati","Student","Four types of integrality on mixed Cayley graphs over abelian groups","Let $R$ be a ring. Let $$S = R(q)$$.","https://doi.org/10.1016/j.laa.2023.03.022 ,  https://doi.org/10.37236/10534  , and  https://doi.org/10.1016/j.laa.2022.03.008   "
"2023/04/14 7:22:40 pm GMT+5:30","V. Sathish Kumar","vsathish@imsc.res.in","The Institute of Mathematical Sciences","Student","Decomposition of characters of certain Demazure characters twisted by roots of unity","We generalize a theorem of Littlewood concerning the factorization of
Schur polynomials when their variables are twisted by roots of unity.
There have been several generalizations of this result in recent
times. We prove that certain families of row and column flagged skew
Schur polynomials admit a similar factorization when twisted by roots
of unity.",""
"2023/04/14 8:39:07 pm GMT+5:30","Siddheswar Kundu","Siddheswark@imsc.res.in","The Institute of Mathematical Sciences (IMSc)","Student","Saturation for flagged skew Littlewood-Richardson coefficients","We define an extension of Littlewood-Richardson $($LR$)$ coefficients namely flagged skew Littlewood-Richardson coefficients $ c^{\nu}_{ \lambda, \mu /\gamma}(\Phi)$ where
$\lambda, \hspace{0.05cm} \mu, \hspace{0.05cm} \gamma,\hspace{0.05cm} \nu$ are partitions of at most n parts and $\Phi=(\Phi_1, \Phi_2, \cdots, \Phi_n) $ is a weakly increasing sequence of non-negative integers. These coefficients subsume several generalizations of LR coefficients $($such as Zelevinsky's extension of LR coefficients$)$. Then we will establish the saturation property of these coefficients i.e., $ c^{k\nu}_{ k\lambda, k\mu /k\gamma}(\Phi)$ $ \geq 1$ for some $ k \geq 1 \Rightarrow  c^{\nu}_{ \lambda, \mu /\gamma}(\Phi) \geq 1$, thereby generalizing the saturation theorems of Knutson-Tao and Kushwaha-Raghavan-Viwanath.",""
"2023/04/14 8:40:11 pm GMT+5:30","Aditya Marodia","aditya.marodia@students.iiserpune.ac.in","IISER Pune","Student","","",""
"2023/04/14 9:01:04 pm GMT+5:30","C.Karthik","c.karthik@students.iiserpune.ac.in","IISER Pune","Student","","",""
"2023/04/15 1:59:31 pm GMT+5:30","SUNDARESAN P","psundaresan95@gmail.com","Kalasalingam University","Faculty","The structure and representations of $G$-Rook Brauer Algebra                              Sundaresan. P and A. Joseph Kennedy","             
We introduce a new class of algebras for every finite group $G,$ called the $G-$Rook Brauer algebras which is denoted by $GR_{k}^{n}(x).$  We focus on the next step by describing the $G-$Colored Rook Brauer algebra $GR_{k}^{n}(x)$, which contains signed Brauer algebra, Rook brauer algebra and Brauer algebras. The structure and representations of these algebras are studied and their generators and relations are also discussed.",""
"2023/04/15 2:20:13 pm GMT+5:30","Dr. A. Vidhya","vidhyamath@gmail.com","Post doctoral fellow","Postdoc","","",""
"2023/04/15 7:06:05 pm GMT+5:30","G Arunkumar","garunkumar@iitm.ac.in","Indian Institite of Technology Madras.","Faculty","","",""
"2023/04/15 7:24:47 pm GMT+5:30","Shraddha Srivastava","maths.shraddha@gmail.com","IISc Bangalore","Postdoc","On the Bratteli diagram for the tower of rook monoids","The Bratteli diagram for the tower of symmetric groups is the Young lattice and an interesting object of study in combinatorics. A natural analog of the symmetric group $S_n$ in the world of inverse monoids is the rook monoid $R_n$ which in some sense plays a role similar to that of $S_n$ in the theory of finite groups. One can combinatorially view an element of $R_n$ as a configuration of non-attacking rooks on a $n\times n$ chess board.  


It is well known that the Bratteli diagram for the tower of symmetric groups is related to the Fock space representation of the Lie algebra $\mathfrak{sl}_{\infty}$. In this talk, we will give the analogous result for the Bratteli diagram of the tower of rook monoids. This talk contains a part of joint work with Volodymyr Mazorchuk. 
","https://ems.press/journals/jca/articles/6250568"
"2023/04/15 9:41:45 pm GMT+5:30","R Ganesh Babu ","ganeshbabu.rl@gmail.com","Indian institute of technology, Madras.","Student","AN ARBITRARY RANK GENERALIZATION OF FIEDLER’S LEMMA AND ITS APPLICATIONS IN SPECTRAL GRAPH THEORY","Let $G$ be a graph. In spectral graph theory, we study the relationship between the graph parameters of $G$ and the spectrum/eigenvalues of the matrices associated with $G$. One important problem in this area is understanding the spectrum of the graphs that arise from various graph operations. One important graph operation is the join and $H$-join of graphs. Understanding the spectrum of graphs arising from  $H$-join operation is an active research area and the answer is known in many particular cases. One important tool in this area is Fiedler's lemma. Recently, Saravanan et.al. generalized the classical Fieldler's lemma using which they have calculated the characteristic polynomial of the adjacency matrix of graphs resulting from the $H$-join operation. In our present work, we generalize the $H$-join operation to a new operation called the free $H$-join of graphs and we study the spectrum of graphs arising from this graph operation. This is done by proving a more general Fiedler's lemma using the notion of  $U$-main eigenvalues. We also prove analogous results for directed graphs.",""
"2023/04/15 10:34:11 pm GMT+5:30","Arkadev Ghosh","arkadevghosh198@gmail.com","Chennai mathematical Institute","Student","","",""
"2023/04/16 3:29:18 am GMT+5:30","Ishaan Bhadoo","bmat2119@isibang.ac.in","Indian Statistical Institute, Bangalore ","Student","","",""
"2023/04/16 3:29:26 am GMT+5:30","Ishaan Bhadoo","bmat2119@isibang.ac.in","Indian Statistical Institute, Bangalore ","Student","","",""
"2023/04/16 3:31:21 am GMT+5:30","Ishaan Bhadoo ","bmat2119@isibang.ac.in","Indian Statistical Institute, Bangalore ","Student","","",""
"2023/12/07 10:18:22 am GMT+5:30","Amri","amri@imsc.res.in","The Institute of Mathematical Sciences, Chennai","Faculty","Of Mice and Men","Let $R$ be a ring. Let $$S = R(q)$$.","g"